user,puzzle,loops,attempts,num_incorrect,num_correct,is_correct,total_time,user_category,user_by_loops,challenge_scale,enjoyment_scale
Tvx6ixeKw4hH3EzPyMpteMW1krr1,7,5,2,0,48,True,297353,expert,expert_5,6.142857142857143,5.8
Tvx6ixeKw4hH3EzPyMpteMW1krr1,14,3,2,0,48,True,323918,expert,expert_3,6.142857142857143,5.8
Tvx6ixeKw4hH3EzPyMpteMW1krr1,14,3,2,0,48,True,191767,expert,expert_3,6.142857142857143,5.8
Tvx6ixeKw4hH3EzPyMpteMW1krr1,7,5,2,0,48,True,104886,expert,expert_5,6.142857142857143,5.8
Tvx6ixeKw4hH3EzPyMpteMW1krr1,1,1,2,0,48,True,124037,expert,expert_1,6.142857142857143,5.8
Tvx6ixeKw4hH3EzPyMpteMW1krr1,15,5,2,0,48,True,140949,expert,expert_5,6.142857142857143,5.8
Tvx6ixeKw4hH3EzPyMpteMW1krr1,6,3,5,16,32,False,2491321,expert,expert_3,6.142857142857143,5.8
67ZfndAoVLXD9pZDik2wfGfSRD22,12,0,2,0,32,False,226962,novice,novice_0,5.285714285714286,1.6
Tvx6ixeKw4hH3EzPyMpteMW1krr1,12,0,2,0,48,True,3627096,expert,expert_0,6.142857142857143,5.8
Tvx6ixeKw4hH3EzPyMpteMW1krr1,7,5,2,0,48,True,108603,expert,expert_5,6.142857142857143,5.8
5TYNQh44EGQuoiv7OGwtah9LSu23,14,3,3,0,48,True,338916,expert,expert_3,-1,-1
Tvx6ixeKw4hH3EzPyMpteMW1krr1,7,5,2,0,48,True,218023,expert,expert_5,6.142857142857143,5.8
Tvx6ixeKw4hH3EzPyMpteMW1krr1,14,3,2,0,48,True,180136,expert,expert_3,6.142857142857143,5.8
O6ZhlnVu5hdC1kkpa3VcnjXO86d2,0,0,4,1,6,False,639966,novice,novice_0,6.428571428571429,4.2
Tvx6ixeKw4hH3EzPyMpteMW1krr1,6,3,3,7,24,False,889674,expert,expert_3,6.142857142857143,5.8
ZlJzFCsPB3V4wEsqveKTwcV5nx72,4,0,2,0,48,True,190098,novice,novice_0,5.0,7.0
dd6y1VnzoHeHmBUyd5ybTxAZJ6y1,13,1,2,0,48,True,10155278,intermediate,intermediate_1,-1,-1
OfLWY14UJBawDt3nrTzizbwtNYk2,10,3,7,0,8,False,345515,expert,expert_3,5.714285714285714,5.0
Tvx6ixeKw4hH3EzPyMpteMW1krr1,10,3,2,0,48,True,196878,expert,expert_3,6.142857142857143,5.8
Tvx6ixeKw4hH3EzPyMpteMW1krr1,14,3,2,0,48,True,164029,expert,expert_3,6.142857142857143,5.8
Tvx6ixeKw4hH3EzPyMpteMW1krr1,7,5,2,0,48,True,184551,expert,expert_5,6.142857142857143,5.8
Tvx6ixeKw4hH3EzPyMpteMW1krr1,1,1,2,0,48,True,152793,expert,expert_1,6.142857142857143,5.8
Tvx6ixeKw4hH3EzPyMpteMW1krr1,10,3,3,0,48,True,2592115,expert,expert_3,6.142857142857143,5.8
iZbaD76kAwMvnqig7240x3hPXNi1,4,0,2,0,48,True,604553,intermediate,intermediate_0,4.714285714285714,5.4
Tvx6ixeKw4hH3EzPyMpteMW1krr1,3,5,3,0,48,True,364586,expert,expert_5,6.142857142857143,5.8
Tvx6ixeKw4hH3EzPyMpteMW1krr1,10,3,2,0,48,True,287514,expert,expert_3,6.142857142857143,5.8
Tvx6ixeKw4hH3EzPyMpteMW1krr1,14,3,2,0,48,True,426250,expert,expert_3,6.142857142857143,5.8
Tvx6ixeKw4hH3EzPyMpteMW1krr1,3,5,3,0,48,True,685149,expert,expert_5,6.142857142857143,5.8
4RSkCIxujJNUL0JTe8DEbnawhdl2,7,5,2,5,2,False,207937,novice,novice_5,6.571428571428571,5.2
Tvx6ixeKw4hH3EzPyMpteMW1krr1,0,0,2,0,48,True,102924,expert,expert_0,6.142857142857143,5.8
Tvx6ixeKw4hH3EzPyMpteMW1krr1,0,0,2,0,48,True,99948,expert,expert_0,6.142857142857143,5.8
Tvx6ixeKw4hH3EzPyMpteMW1krr1,4,0,2,0,48,True,95041,expert,expert_0,6.142857142857143,5.8
0yPIbIeqZ2NGW8hKa5kjoGY8l8s2,2,3,3,0,48,True,266581,novice,novice_3,4.714285714285714,5.2
Tvx6ixeKw4hH3EzPyMpteMW1krr1,7,5,2,0,48,True,204273,expert,expert_5,6.142857142857143,5.8
Tvx6ixeKw4hH3EzPyMpteMW1krr1,10,3,2,0,48,True,398066,expert,expert_3,6.142857142857143,5.8
t7EXVCvb1xNiIrjXGamRsrZS35T2,11,5,2,6,6,False,27873,intermediate,intermediate_5,3.5714285714285716,3.2
TagF41m6X8NLivBb8zWRyKztkFZ2,10,3,2,0,33,False,658421,intermediate,intermediate_3,6.571428571428571,1.0
awNDOTzBhEOD4V7mAN1c29gKPg52,2,3,4,0,48,True,397698,intermediate,intermediate_3,4.428571428571429,4.4
Tvx6ixeKw4hH3EzPyMpteMW1krr1,13,1,2,0,48,True,221337,expert,expert_1,6.142857142857143,5.8
Tvx6ixeKw4hH3EzPyMpteMW1krr1,9,1,3,0,48,True,211307,expert,expert_1,6.142857142857143,5.8
Tvx6ixeKw4hH3EzPyMpteMW1krr1,8,0,2,0,48,True,138349,expert,expert_0,6.142857142857143,5.8
Tvx6ixeKw4hH3EzPyMpteMW1krr1,1,1,2,0,48,True,114484,expert,expert_1,6.142857142857143,5.8
Tvx6ixeKw4hH3EzPyMpteMW1krr1,5,1,1,0,20,False,215449,expert,expert_1,6.142857142857143,5.8
Tvx6ixeKw4hH3EzPyMpteMW1krr1,6,3,2,0,48,True,1464724,expert,expert_3,6.142857142857143,5.8
Tvx6ixeKw4hH3EzPyMpteMW1krr1,13,1,2,0,48,True,155638,expert,expert_1,6.142857142857143,5.8
Tvx6ixeKw4hH3EzPyMpteMW1krr1,12,0,2,0,48,True,125971,expert,expert_0,6.142857142857143,5.8
dd6y1VnzoHeHmBUyd5ybTxAZJ6y1,0,0,5,0,34,False,484070,intermediate,intermediate_0,5.0,6.0
HdnOaZBKHvXmfoWzBBSZNhhi5mP2,3,5,1,0,1,False,246322,intermediate,intermediate_5,7.0,3.0
5HFqA4rZZIWubqarYr6B8izkkJ32,4,0,3,0,12,True,255033,intermediate,intermediate_0,5.571428571428571,6.6
Tvx6ixeKw4hH3EzPyMpteMW1krr1,13,1,2,0,48,True,182519,expert,expert_1,6.142857142857143,5.8
Tvx6ixeKw4hH3EzPyMpteMW1krr1,12,0,3,0,48,True,277356,expert,expert_0,6.142857142857143,5.8
Tvx6ixeKw4hH3EzPyMpteMW1krr1,2,3,2,0,48,True,97956,expert,expert_3,6.142857142857143,5.8
Tvx6ixeKw4hH3EzPyMpteMW1krr1,11,5,2,0,48,True,136080,expert,expert_5,6.142857142857143,5.8
IXSNHudOlgbg67P0PevIpz4r6rX2,3,5,2,0,48,True,1338901,expert,expert_5,5.714285714285714,5.2
Tvx6ixeKw4hH3EzPyMpteMW1krr1,6,3,1,7,15,False,767702,expert,expert_3,6.142857142857143,5.8
Tvx6ixeKw4hH3EzPyMpteMW1krr1,10,3,2,0,48,True,112562,expert,expert_3,6.142857142857143,5.8
Tvx6ixeKw4hH3EzPyMpteMW1krr1,1,1,2,0,48,True,201693,expert,expert_1,6.142857142857143,5.8
wqMexFYF5YT9s2tYH4yXm0ZNG3y2,8,0,2,0,12,True,202743,novice,novice_0,-1,-1
Hj98Cc3x6CeVI8BBxpkkLk4Aur12,14,3,4,0,48,True,502584,expert,expert_3,6.714285714285714,7.0
Tvx6ixeKw4hH3EzPyMpteMW1krr1,13,1,2,0,48,True,135515,expert,expert_1,6.142857142857143,5.8
Tvx6ixeKw4hH3EzPyMpteMW1krr1,7,5,2,0,48,True,526009,expert,expert_5,6.142857142857143,5.8
Tvx6ixeKw4hH3EzPyMpteMW1krr1,7,5,2,0,48,True,107209,expert,expert_5,6.142857142857143,5.8
Tvx6ixeKw4hH3EzPyMpteMW1krr1,5,1,2,18,30,False,830309,expert,expert_1,6.142857142857143,5.8
Tvx6ixeKw4hH3EzPyMpteMW1krr1,6,3,1,0,13,False,426817,expert,expert_3,6.142857142857143,5.8
Tvx6ixeKw4hH3EzPyMpteMW1krr1,8,0,2,0,48,True,116195,expert,expert_0,6.142857142857143,5.8
Tvx6ixeKw4hH3EzPyMpteMW1krr1,3,5,2,0,48,True,188860,expert,expert_5,6.142857142857143,5.8
Tvx6ixeKw4hH3EzPyMpteMW1krr1,11,5,2,0,48,True,705980,expert,expert_5,6.142857142857143,5.8
Tvx6ixeKw4hH3EzPyMpteMW1krr1,12,0,2,0,48,True,132546,expert,expert_0,6.142857142857143,5.8
6jHGi51dziM5gp8GAVsml7Afb0H2,15,5,5,6,42,False,2613845,novice,novice_5,6.142857142857143,6.2
Tvx6ixeKw4hH3EzPyMpteMW1krr1,9,1,3,0,48,True,224489,expert,expert_1,6.142857142857143,5.8
36IezYPtYagGx47iJNTfN9cjpkz1,8,0,3,0,48,True,128946,expert,expert_0,4.142857142857143,3.8
Tvx6ixeKw4hH3EzPyMpteMW1krr1,2,3,2,0,48,True,420958,expert,expert_3,6.142857142857143,5.8
Tvx6ixeKw4hH3EzPyMpteMW1krr1,0,0,2,0,48,True,161318,expert,expert_0,6.142857142857143,5.8
Tvx6ixeKw4hH3EzPyMpteMW1krr1,5,1,1,0,20,False,539304,expert,expert_1,6.142857142857143,5.8
Tvx6ixeKw4hH3EzPyMpteMW1krr1,2,3,2,0,48,True,78140,expert,expert_3,6.142857142857143,5.8
Teha6oL9f5O1xDy6eMgDInQOKCo2,13,1,4,8,40,False,252575,intermediate,intermediate_1,3.5714285714285716,1.0
Tvx6ixeKw4hH3EzPyMpteMW1krr1,0,0,2,0,48,True,181117,expert,expert_0,6.142857142857143,5.8
Tvx6ixeKw4hH3EzPyMpteMW1krr1,7,5,2,0,48,True,123813,expert,expert_5,6.142857142857143,5.8
ue5hQgFOlRWwdasjERcb5XSLmoY2,14,3,3,4,4,False,186484,intermediate,intermediate_3,4.142857142857143,4.6
Tvx6ixeKw4hH3EzPyMpteMW1krr1,6,3,2,0,48,True,414713,expert,expert_3,6.142857142857143,5.8
Tvx6ixeKw4hH3EzPyMpteMW1krr1,7,5,2,0,48,True,5100179,expert,expert_5,6.142857142857143,5.8
Tvx6ixeKw4hH3EzPyMpteMW1krr1,3,5,2,0,48,True,857951,expert,expert_5,6.142857142857143,5.8
ZlJzFCsPB3V4wEsqveKTwcV5nx72,15,5,2,0,48,True,168184,novice,novice_5,4.428571428571429,7.0
Tvx6ixeKw4hH3EzPyMpteMW1krr1,14,3,3,0,48,True,939568,expert,expert_3,6.142857142857143,5.8
Tvx6ixeKw4hH3EzPyMpteMW1krr1,0,0,2,0,48,True,127656,expert,expert_0,6.142857142857143,5.8
Tvx6ixeKw4hH3EzPyMpteMW1krr1,1,1,2,0,48,True,104158,expert,expert_1,6.142857142857143,5.8
Tvx6ixeKw4hH3EzPyMpteMW1krr1,11,5,2,0,48,True,151520,expert,expert_5,6.142857142857143,5.8
Tvx6ixeKw4hH3EzPyMpteMW1krr1,10,3,2,0,48,True,139752,expert,expert_3,6.142857142857143,5.8
Tvx6ixeKw4hH3EzPyMpteMW1krr1,10,3,2,0,48,True,300635,expert,expert_3,6.142857142857143,5.8
Tvx6ixeKw4hH3EzPyMpteMW1krr1,2,3,2,0,48,True,94721,expert,expert_3,6.142857142857143,5.8
5wkaTtliT1Qbp2yFZucA6HHIi3T2,10,3,6,0,12,True,238012,intermediate,intermediate_3,6.428571428571429,7.0
Tvx6ixeKw4hH3EzPyMpteMW1krr1,4,0,2,0,48,True,112079,expert,expert_0,6.142857142857143,5.8
JmEbZQN5E2dEwmnU2FmZqoRBV9h1,10,3,5,0,48,True,7275889,intermediate,intermediate_3,-1,-1
Tvx6ixeKw4hH3EzPyMpteMW1krr1,2,3,2,0,48,True,97772,expert,expert_3,6.142857142857143,5.8
Tvx6ixeKw4hH3EzPyMpteMW1krr1,5,1,3,1,20,False,2427245,expert,expert_1,6.142857142857143,5.8
Tvx6ixeKw4hH3EzPyMpteMW1krr1,10,3,2,0,48,True,256790,expert,expert_3,6.142857142857143,5.8
Tvx6ixeKw4hH3EzPyMpteMW1krr1,15,5,2,0,48,True,170676,expert,expert_5,6.142857142857143,5.8
rHHudE9QzkXx0VHAomedpsvnffc2,15,5,18,2,2,False,178739,novice,novice_5,6.571428571428571,1.4
WDXynW1ht8QcmZEWD7uQfKcnGP82,8,0,3,9,3,False,68938,expert,expert_0,6.428571428571429,2.2
Tvx6ixeKw4hH3EzPyMpteMW1krr1,12,0,2,0,48,True,126036,expert,expert_0,6.142857142857143,5.8
AI6opqikiWOIG4gUGazMBRHapFq1,9,1,6,4,2,False,294844,novice,novice_1,6.285714285714286,1.2
Tvx6ixeKw4hH3EzPyMpteMW1krr1,14,3,2,0,48,True,309245,expert,expert_3,6.142857142857143,5.8
4E2DoJapK6WqWnb5gcEIFR46zdy1,4,0,10,0,20,False,228862,intermediate,intermediate_0,5.714285714285714,2.8
Tvx6ixeKw4hH3EzPyMpteMW1krr1,8,0,2,0,48,True,79734,expert,expert_0,6.142857142857143,5.8
Tvx6ixeKw4hH3EzPyMpteMW1krr1,1,1,2,0,48,True,14048304,expert,expert_1,6.142857142857143,5.8
Tvx6ixeKw4hH3EzPyMpteMW1krr1,11,5,2,0,48,True,318319,expert,expert_5,6.142857142857143,5.8
Tvx6ixeKw4hH3EzPyMpteMW1krr1,12,0,2,0,48,True,101349,expert,expert_0,6.142857142857143,5.8
clWnSS7rAkdML1L1MMbPHlqaITx1,7,5,4,0,48,True,1239083,expert,expert_5,7.0,7.0
f2WlPqlFZhOLx7NnjubTRfFjy8M2,3,5,2,2,2,False,396173,novice,novice_5,6.285714285714286,3.0
6jHGi51dziM5gp8GAVsml7Afb0H2,2,3,2,4,44,False,571927,novice,novice_3,6.0,6.0
Tvx6ixeKw4hH3EzPyMpteMW1krr1,3,5,2,0,48,True,138522,expert,expert_5,6.142857142857143,5.8
Tvx6ixeKw4hH3EzPyMpteMW1krr1,4,0,2,0,48,True,104277,expert,expert_0,6.142857142857143,5.8
rY6Ge3G3wzaj3zHOiNeZWH4pV213,3,5,2,0,48,True,444749,expert,expert_5,4.285714285714286,5.6
rkkOINokZGhVU5i7txmYsN8PnYp1,14,3,4,0,48,True,1272283,intermediate,intermediate_3,5.857142857142857,5.6
fk7G9fZvIHdeKmRInwzkNRDOT7E3,13,1,2,0,48,True,239918,intermediate,intermediate_1,-1,-1
Tvx6ixeKw4hH3EzPyMpteMW1krr1,0,0,3,0,48,True,551594,expert,expert_0,6.142857142857143,5.8
bmQRzOkt7hPFikzxPMMEwA63j3r1,0,0,4,0,48,True,653317,intermediate,intermediate_0,3.142857142857143,5.6
Tvx6ixeKw4hH3EzPyMpteMW1krr1,12,0,2,0,48,True,91524,expert,expert_0,6.142857142857143,5.8
keBBUFf327dbYN7Ql4ViPBE35xm1,1,1,2,0,12,True,113191,intermediate,intermediate_1,-1,-1
Tvx6ixeKw4hH3EzPyMpteMW1krr1,8,0,3,0,48,True,194897,expert,expert_0,6.142857142857143,5.8
X2d1fjo55ZOMMeEKmdyVtaNzQcW2,2,3,4,4,8,False,463661,expert,expert_3,5.428571428571429,5.2
fDrx6EQguybJFS1xuARWpm064E53,3,5,1,0,5,False,624394,novice,novice_5,7.0,3.4
xzqDl6HI4QOFyAaB9CjzFjmFwA92,15,5,2,4,44,False,609188,intermediate,intermediate_5,5.428571428571429,5.2
Tvx6ixeKw4hH3EzPyMpteMW1krr1,11,5,2,0,16,False,215567,expert,expert_5,6.142857142857143,5.8
Tvx6ixeKw4hH3EzPyMpteMW1krr1,2,3,2,0,48,True,92126,expert,expert_3,6.142857142857143,5.8
V9WtBlmW51hDomWfoqxZ4B8AfKo2,5,1,2,3,0,False,173708,intermediate,intermediate_1,4.571428571428571,5.2
S7dSdacPf2PS8RWSAospz7Fp6qT2,0,0,2,6,42,False,618113,novice,novice_0,6.142857142857143,6.2
Tvx6ixeKw4hH3EzPyMpteMW1krr1,9,1,5,0,48,True,543782,expert,expert_1,6.142857142857143,5.8
Tvx6ixeKw4hH3EzPyMpteMW1krr1,14,3,4,0,48,True,589532,expert,expert_3,6.142857142857143,5.8
Tvx6ixeKw4hH3EzPyMpteMW1krr1,10,3,2,0,48,True,3519622,expert,expert_3,6.142857142857143,5.8
Tvx6ixeKw4hH3EzPyMpteMW1krr1,12,0,2,0,48,True,573802,expert,expert_0,6.142857142857143,5.8
Xf3v6VSzbnhIlklSlTGPksGOncg2,11,5,1,0,4,False,67378,novice,novice_5,6.142857142857143,1.0
OfLWY14UJBawDt3nrTzizbwtNYk2,5,1,3,9,17,False,371103,expert,expert_1,6.0,5.2
Tvx6ixeKw4hH3EzPyMpteMW1krr1,13,1,2,0,48,True,147273,expert,expert_1,6.142857142857143,5.8
Tvx6ixeKw4hH3EzPyMpteMW1krr1,9,1,3,0,48,True,269103,expert,expert_1,6.142857142857143,5.8
Tvx6ixeKw4hH3EzPyMpteMW1krr1,12,0,2,0,48,True,111111,expert,expert_0,6.142857142857143,5.8
tmefc3bzc3dvFhPbpwj8enz0HXz1,13,1,2,2,0,False,192296,novice,novice_1,4.714285714285714,1.0
Tvx6ixeKw4hH3EzPyMpteMW1krr1,5,1,1,0,18,False,78397,expert,expert_1,6.142857142857143,5.8
Tvx6ixeKw4hH3EzPyMpteMW1krr1,10,3,2,0,48,True,189230,expert,expert_3,6.142857142857143,5.8
Tvx6ixeKw4hH3EzPyMpteMW1krr1,7,5,4,0,48,True,616155,expert,expert_5,6.142857142857143,5.8
6jHGi51dziM5gp8GAVsml7Afb0H2,6,3,1,1,3,False,2753850,novice,novice_3,-1,-1
IXSNHudOlgbg67P0PevIpz4r6rX2,9,1,2,12,36,False,727681,expert,expert_1,5.857142857142857,6.2
Tvx6ixeKw4hH3EzPyMpteMW1krr1,2,3,2,0,48,True,96851,expert,expert_3,6.142857142857143,5.8
QMYQDkAsrphO3c2NA6jVg5PfgG42,9,1,2,8,28,False,504323,expert,expert_1,6.142857142857143,6.8
Tvx6ixeKw4hH3EzPyMpteMW1krr1,15,5,2,0,48,True,127296,expert,expert_5,6.142857142857143,5.8
t7EXVCvb1xNiIrjXGamRsrZS35T2,5,1,3,2,2,False,256479,intermediate,intermediate_1,4.285714285714286,5.0
XcDDOqxNTcNZJi7WqSqPDlHZGLC3,0,0,3,0,48,True,170530,expert,expert_0,-1,-1
Tvx6ixeKw4hH3EzPyMpteMW1krr1,13,1,2,0,48,True,320398,expert,expert_1,6.142857142857143,5.8
Tvx6ixeKw4hH3EzPyMpteMW1krr1,8,0,2,0,48,True,167995,expert,expert_0,6.142857142857143,5.8
oAhZgmd3Eqh57SokVe7AeGmuXMq1,15,5,2,16,32,False,210140,expert,expert_5,6.428571428571429,2.8
Tvx6ixeKw4hH3EzPyMpteMW1krr1,12,0,2,0,48,True,337746,expert,expert_0,6.142857142857143,5.8
Tvx6ixeKw4hH3EzPyMpteMW1krr1,2,3,2,0,48,True,71728,expert,expert_3,6.142857142857143,5.8
Tvx6ixeKw4hH3EzPyMpteMW1krr1,13,1,2,0,48,True,144807,expert,expert_1,6.142857142857143,5.8
Tvx6ixeKw4hH3EzPyMpteMW1krr1,14,3,3,0,48,True,2232489,expert,expert_3,6.142857142857143,5.8
plRQtQtkx4cNl90jnvXUxfa5Cev1,10,3,3,7,5,False,437262,expert,expert_3,6.857142857142857,5.8
Tvx6ixeKw4hH3EzPyMpteMW1krr1,6,3,2,0,48,True,535234,expert,expert_3,6.142857142857143,5.8
oXnwGQbwzPOU5MVWoBZ1drBWVKt1,0,0,3,0,48,True,415909,novice,novice_0,5.857142857142857,6.8
Tvx6ixeKw4hH3EzPyMpteMW1krr1,0,0,2,0,48,True,28152641,expert,expert_0,6.142857142857143,5.8
IXSNHudOlgbg67P0PevIpz4r6rX2,4,0,2,0,48,True,193735,expert,expert_0,4.285714285714286,6.2
Tvx6ixeKw4hH3EzPyMpteMW1krr1,9,1,2,0,48,True,142221,expert,expert_1,6.142857142857143,5.8
IGGw66QrT3Qboou8ulrX0Wp3z6B3,11,5,4,0,7,False,598737,expert,expert_5,6.0,6.8
Tvx6ixeKw4hH3EzPyMpteMW1krr1,7,5,2,0,48,True,100610,expert,expert_5,6.142857142857143,5.8
Tvx6ixeKw4hH3EzPyMpteMW1krr1,12,0,3,0,48,True,697081,expert,expert_0,6.142857142857143,5.8
Tvx6ixeKw4hH3EzPyMpteMW1krr1,8,0,4,0,48,True,1839869,expert,expert_0,6.142857142857143,5.8
Tvx6ixeKw4hH3EzPyMpteMW1krr1,11,5,2,0,48,True,1049696,expert,expert_5,6.142857142857143,5.8
Tvx6ixeKw4hH3EzPyMpteMW1krr1,5,1,1,1,20,False,1289312,expert,expert_1,6.142857142857143,5.8
Tvx6ixeKw4hH3EzPyMpteMW1krr1,3,5,2,0,48,True,117619,expert,expert_5,6.142857142857143,5.8
Tvx6ixeKw4hH3EzPyMpteMW1krr1,3,5,2,0,48,True,133230,expert,expert_5,6.142857142857143,5.8
iupGKBrxhlTLoZoa2b5Nma6Ajro1,5,1,1,4,10,False,218877,intermediate,intermediate_1,-1,-1
Tvx6ixeKw4hH3EzPyMpteMW1krr1,8,0,2,0,48,True,175165,expert,expert_0,6.142857142857143,5.8
946YBmil5eT7qyf1deseeJwZ0Zq2,13,1,3,3,1,False,175577,intermediate,intermediate_1,7.0,7.0
ZlJzFCsPB3V4wEsqveKTwcV5nx72,10,3,2,0,48,True,737576,novice,novice_3,5.142857142857143,6.8
Tvx6ixeKw4hH3EzPyMpteMW1krr1,1,1,2,0,48,True,2755057,expert,expert_1,6.142857142857143,5.8
Tvx6ixeKw4hH3EzPyMpteMW1krr1,2,3,2,0,48,True,1405797,expert,expert_3,6.142857142857143,5.8
Tvx6ixeKw4hH3EzPyMpteMW1krr1,12,0,2,0,48,True,97068,expert,expert_0,6.142857142857143,5.8
Tvx6ixeKw4hH3EzPyMpteMW1krr1,4,0,2,0,48,True,160638,expert,expert_0,6.142857142857143,5.8
Tvx6ixeKw4hH3EzPyMpteMW1krr1,4,0,2,0,48,True,119459,expert,expert_0,6.142857142857143,5.8
Tvx6ixeKw4hH3EzPyMpteMW1krr1,11,5,4,0,48,True,962908,expert,expert_5,6.142857142857143,5.8
Tvx6ixeKw4hH3EzPyMpteMW1krr1,8,0,2,0,48,True,96771,expert,expert_0,6.142857142857143,5.8
Tvx6ixeKw4hH3EzPyMpteMW1krr1,9,1,3,0,48,True,277824,expert,expert_1,6.142857142857143,5.8
ZoJUgUVErEVIJwbuvmmpt470pKE2,2,3,3,0,48,True,832106,intermediate,intermediate_3,5.428571428571429,7.0
Tvx6ixeKw4hH3EzPyMpteMW1krr1,12,0,2,0,48,True,139940,expert,expert_0,6.142857142857143,5.8
kuWRtG6M9OMKBLTQ1q10JB5cy3V2,3,5,2,0,1,False,71947,intermediate,intermediate_5,6.571428571428571,1.0
Tvx6ixeKw4hH3EzPyMpteMW1krr1,5,1,1,1,20,False,718891,expert,expert_1,6.142857142857143,5.8
Tvx6ixeKw4hH3EzPyMpteMW1krr1,1,1,2,0,48,True,119780,expert,expert_1,6.142857142857143,5.8
Tvx6ixeKw4hH3EzPyMpteMW1krr1,15,5,2,0,48,True,129978,expert,expert_5,6.142857142857143,5.8
Tvx6ixeKw4hH3EzPyMpteMW1krr1,0,0,2,0,48,True,107471,expert,expert_0,6.142857142857143,5.8
Tvx6ixeKw4hH3EzPyMpteMW1krr1,11,5,2,0,48,True,884559,expert,expert_5,6.142857142857143,5.8
Tvx6ixeKw4hH3EzPyMpteMW1krr1,15,5,2,0,48,True,140736,expert,expert_5,6.142857142857143,5.8
Tvx6ixeKw4hH3EzPyMpteMW1krr1,11,5,2,0,48,True,150453,expert,expert_5,6.142857142857143,5.8
t56j8YQ4IhgIAMwbtI46EdJOJPy1,10,3,2,0,48,True,438927,intermediate,intermediate_3,4.428571428571429,5.2
5TYNQh44EGQuoiv7OGwtah9LSu23,7,5,4,10,38,False,715517,expert,expert_5,5.0,5.4
iupGKBrxhlTLoZoa2b5Nma6Ajro1,11,5,14,18,30,False,1867308,intermediate,intermediate_5,6.142857142857143,6.0
Tvx6ixeKw4hH3EzPyMpteMW1krr1,6,3,2,0,48,True,237276,expert,expert_3,6.142857142857143,5.8
Tvx6ixeKw4hH3EzPyMpteMW1krr1,5,1,2,0,48,True,419551,expert,expert_1,6.142857142857143,5.8
Tvx6ixeKw4hH3EzPyMpteMW1krr1,3,5,2,0,48,True,114960,expert,expert_5,6.142857142857143,5.8
Tvx6ixeKw4hH3EzPyMpteMW1krr1,11,5,3,0,48,True,2205272,expert,expert_5,6.142857142857143,5.8
keBBUFf327dbYN7Ql4ViPBE35xm1,14,3,2,0,48,True,240203,intermediate,intermediate_3,3.5714285714285716,7.0
Tvx6ixeKw4hH3EzPyMpteMW1krr1,3,5,4,0,48,True,368508,expert,expert_5,6.142857142857143,5.8
Tvx6ixeKw4hH3EzPyMpteMW1krr1,12,0,2,0,48,True,353444,expert,expert_0,6.142857142857143,5.8
Tvx6ixeKw4hH3EzPyMpteMW1krr1,13,1,5,0,48,True,2778095,expert,expert_1,6.142857142857143,5.8
eN0jcINhKvShl1HTnlrMLmAR51I3,4,0,2,0,48,True,153191,intermediate,intermediate_0,5.571428571428571,6.6
Tvx6ixeKw4hH3EzPyMpteMW1krr1,1,1,4,0,48,True,643707,expert,expert_1,6.142857142857143,5.8
Tvx6ixeKw4hH3EzPyMpteMW1krr1,1,1,4,0,48,True,532690,expert,expert_1,6.142857142857143,5.8
x8wodlAEVjNeM3hvYLZn1TZBTYt2,9,1,2,0,48,True,415889,expert,expert_1,4.0,5.6
Tvx6ixeKw4hH3EzPyMpteMW1krr1,4,0,2,0,48,True,105635,expert,expert_0,6.142857142857143,5.8
3RruoqlWMaX4EZUaq0EdVA5Ql573,14,3,4,2,6,False,337650,expert,expert_3,6.0,6.0
Tvx6ixeKw4hH3EzPyMpteMW1krr1,8,0,2,0,48,True,176025,expert,expert_0,6.142857142857143,5.8
T7pNAgSOM9RvAWo95CR1E1XOyZr1,4,0,3,0,48,True,275863,intermediate,intermediate_0,4.571428571428571,6.0
Tvx6ixeKw4hH3EzPyMpteMW1krr1,5,1,3,20,28,False,501408,expert,expert_1,6.142857142857143,5.8
Tvx6ixeKw4hH3EzPyMpteMW1krr1,11,5,2,0,48,True,278066,expert,expert_5,6.142857142857143,5.8
Tvx6ixeKw4hH3EzPyMpteMW1krr1,8,0,2,0,48,True,111057,expert,expert_0,6.142857142857143,5.8
G7llTjpOBYcFMBO6OTL3MOn8Gn83,15,5,4,23,21,False,93100,expert,expert_5,4.285714285714286,5.2
EL7v0TsRB9QLo2e5SyHoUzvbuX33,8,0,4,1,6,False,147313,expert,expert_0,5.285714285714286,4.4
Tvx6ixeKw4hH3EzPyMpteMW1krr1,5,1,1,0,20,False,1319431,expert,expert_1,6.142857142857143,5.8
Tvx6ixeKw4hH3EzPyMpteMW1krr1,3,5,2,0,48,True,1721437,expert,expert_5,6.142857142857143,5.8
Tvx6ixeKw4hH3EzPyMpteMW1krr1,9,1,2,8,40,False,199694,expert,expert_1,6.142857142857143,5.8
Tvx6ixeKw4hH3EzPyMpteMW1krr1,6,3,1,0,11,False,501843,expert,expert_3,6.142857142857143,5.8
bhyN2Uwd8vZksblzRYRrSTfiptC2,12,0,3,0,24,True,201298,expert,expert_0,2.7142857142857144,5.0
wqMexFYF5YT9s2tYH4yXm0ZNG3y2,14,3,3,0,12,True,569810,novice,novice_3,5.142857142857143,4.2
Tvx6ixeKw4hH3EzPyMpteMW1krr1,14,3,2,0,48,True,155199,expert,expert_3,6.142857142857143,5.8
IXSNHudOlgbg67P0PevIpz4r6rX2,14,3,1,0,16,False,102616,expert,expert_3,5.571428571428571,2.2
FfEesA4RMXei4bbQKDLzoRrTi5f2,4,0,2,3,37,False,407456,intermediate,intermediate_0,4.714285714285714,6.2
Tvx6ixeKw4hH3EzPyMpteMW1krr1,11,5,2,0,48,True,372512,expert,expert_5,6.142857142857143,5.8
Tvx6ixeKw4hH3EzPyMpteMW1krr1,12,0,2,0,48,True,105728,expert,expert_0,6.142857142857143,5.8
Tvx6ixeKw4hH3EzPyMpteMW1krr1,1,1,2,0,48,True,148891,expert,expert_1,6.142857142857143,5.8
